TItle,Link,File Name,Public Access,Affiliation,Database,Paper Type,Language,Mental Health Category,Target Group,Target Demographic,Interface,Embodiment,Platform,Public Access,Chatbot Name,Chatbot Type,Model Technique,Off the Shelf,Outsourced Model Name,Training Data,Study Design,Recruitment,Sample Size,Duration,Automatic Evaluation,Human Evaluation,Ethics,Statistical Test
Trainbot: A Conversational Interface to Train Crowd Workers for Delivering On-Demand Therapy,https://ojs.aaai.org/index.php/HCOMP/article/download/7458/7303/10898,Trainbot_ A Conversational Interface to Train Crowd Workers for Delivering On-Demand Therapy,,cs,AAAI,Experiment,English,General,Clinicians,General,Text,/,Web,/,Trainbot,Task Oriented,Rule-Based,/,/,/,Comparative Analysis,Prolific.Ac,"100, 100",/,/,"Enjoyment, Pressure, Helping Self-Efficacy, Worker's Performance",Yes,"Independent Samples T-Test, Two Way Anova"
Comparing Experts and Novices for AI Data Work: Insights on Allocating Human Intelligence to Design a Conversational Agent,https://ojs.aaai.org/index.php/HCOMP/article/download/21999/21775/26052,Comparing Experts and Novices for AI Data Work_ Insights on Allocating Human Intelligence to Design a Conversational Agent,,dns,AAAI,Experiment,English,General,Clinicians,General,Text,/,Web,/,MemberBot,QA,Retrieval-Based,Used As a Part,Rasa,(New) 7cups Conversation Data,User Study,MTurk Workers And Domain Experts,"15, 11",/,"Number Of Messages, Length Of The Messages, Time Spent, Intent Tables Responses, Frequency, Quality","Difficulty, Enjoyment",/,"Mann–Whitney U Test, Linear Regression Co-Efficient"
Modeling Dialogues with Hashcode Representations: A Nonparametric Approach,https://ojs.aaai.org/index.php/AAAI/article/view/5813/5669,Modeling Dialogues with Hashcode Representations_ A Nonparametric Approach,,cs,AAAI,Model,English,Depression,Patients,General,Text,/,/,/,Unnamed,Open Domain,Retrieval-Based,/,/,"Depression Therapy Sessions, Larry King TV Interviews, Twitter Dataset",/,/,/,/,Alignment,"Appropriate, Diverse",/,/
{ERICA}: An Empathetic Android Companion for Covid-19 Quarantine,https://aclanthology.org/2021.sigdial-1.27,2021.sigdial-1.27,,cs,ACL,Experiment,English,Isolation,Patients,General,"Voice, Visual",Physical,Web,/,"ERICA, Nora",Task Oriented,Rule-Based,Used As a Part,Nora,/,Comparative Analysis,Recruited,19,/,/,"Overall Experience, Empathy, Attentiveness, User Friendliness",/,One-Sided t-Test
A Multi-Persona Chatbot for Hotline Counselor Training,https://aclanthology.org/2020.findings-emnlp.324,2020.findings-emnlp.324,,cs,ACL,Model,English,Suicide,Clinicians,General,Text,/,/,/,Crisisbot,Task Oriented,"Generative, Retrieval-Based",/,/,Realistic Hotline Training Conversations,User Study,Crowdworkers And Counslers,"30, 5",/,"Negative Log Likelihood, Entropy, D1, D2, Number Of Tokens","Coherency, Consistency, Fluency, Level Of Detail, Human Likeness, Usefulness, Distinctness, Realisticness",IRB,/
Conversational Bots for Psychotherapy: A Study of Generative Transformer Models Using Domain-specific Dialogues,https://aclanthology.org/2022.bionlp-1.27,2022.bionlp-1.27,,med,ACL,Model,English,General,Patients,General,Text,/,/,/,"GPT2, DIALOGPT",Open Domain,Generative,Finetuned,"GPT-2, DIALOGPT","(New) Reddit, Transcripts Of Alexander Street Press",User Study,"Psychiatrist, Psychologist","1,1",/,"Lexical Diversity, Average Cosine-Similarity, BLEU-2","Communication, Basic Psychotherapy Skills, Overall Psychotherapy Competence",/,"Cohen’s κ, Krippendorff’s α"
A Shoulder to Cry on: Towards A Motivational Virtual Assistant for Assuaging Mental Agony,https://aclanthology.org/2022.naacl-main.174,2022.naacl-main.174,,cs,ACL,Model,English,General,Patients,General,Text,/,/,/,MIC Model,Open Domain,Generative,"Finetuned, Used As a Part",DialoGPT,(New) MotiVAte,User Study,Recruited,3,/,"BLEU-1, Perplexity, ROUGE-L, Embedding Based Metric","Fluency, Adaptability, Motivational",Yes,Welch's t-Test
A Grounded Well-being Conversational Agent with Multiple Interaction Modes: Preliminary Results,https://aclanthology.org/2021.nlp4posimpact-1.16,2021.nlp4posimpact-1.16,,cs,ACL,Model,English,General,Patients,General,Text,Virtual,/,/,"SocialBot, Chatbot",Open Domain,"Retrieval-Based, Generative","Finetuned, Used As a Part",GPT,"(New) Medline Data, MedDialog, MedQuAD, News Category Dataset, Reddit Data",/,/,/,/,"Accuracy, Negative Log Likehood, Perplexity",/,Yes,/
{BLISS}: An Agent for Collecting Spoken Dialogue Data about Health and Well-being,https://aclanthology.org/2020.lrec-1.57,2020.lrec-1.57,,cs,ACL,Model,Dutch,Well-being,Patients,General,Voice,/,Web,/,BLISS,Open Domain,"Rule-Based, Retrieval-Based",Used As a Part,Flipper,(New) Collected From Users,/,/,/,/,/,/,Yes,/
Does Chatbot Language Formality Affect Users’ Self-Disclosure?,https://doi.org/10.1145/3543829.3543831,3543829.3543831,,cs,ACM,Experiment,English,General,Patients,General,Text,/,"Mobile, PC",/,Unnamed,Task Oriented,Rule-Based,/,/,/,Comparative Analysis,Amazon Mechanical Turk,"187,  156",/,Word Count,"Likelihood To Disclose, Enjoyment, Warmth, Competency, Appropriateness Of Tone, Desire To Continue, Specificity, Actioability",/,Tukey's HSD
The Effect of Emojis when interacting with Conversational Interface Assisted Health Coaching System,https://doi.org/10.1145/3240925.3240965,3240925.3240965,x,cs,ACM,Experiment,Italian,General,Patients,General,Text,/,PC,/,CoachAi,Task Oriented,Rule-Based,/,/,/,Comparative Analysis,Recruited,58,/,Interaction Time,"Individual Self-Confidence And Trust Propensity, Enjoyment, Attitude And Confidence",/,Mixed-Design ANOVA
"Virtual Human Questionnaire for Analysis of Depression, Anxiety and Personality",https://doi.org/10.1145/3308532.3329469,3308532.3329469,x,dns,ACM,Experiment,English,"Depression, Anxiety, Personality",Patients,General,"Voice, Visual",Virtual,PC,Fully Open,ARIA-VALUSPA Platform,Task Oriented,Rule-Based,/,/,/,Comparative Analysis,Reached Out,55,/,/,"PHQ-9, GAD-7, BFI-10",/,Two One Sided t-Test
Can we talk? Design Implications for the Questionnaire-Driven Self-Report of Health and Wellbeing via Conversational Agent,https://doi.org/10.1145/3469595.3469600,3469595.3469600,,cs,ACM,Experiment,English,General,Patients,General,Voice,Physical,"Mobile, Smart Speaker",/,Sofia,Task Oriented,Retrieval-Based,Used As a Part,Google Dialogflow,/,Comparative Analysis,"Recruited From a Local University Via Internal Email, Posters, And Word Of Mouth",59,/,"Completion Time, Correlation Between Sofia Designs And WHO-5 Questionnaire","SASSI Scores, WHO-5",/,"Fleiss’ Kappa, Nonparametric Mann-Whitney U Test, Pearson's Correlation Coefficient"
“I don’t know what you mean by `I am anxious'”: A New Method for Evaluating Conversational Agent Responses to Standardized Mental Health Inputs for Anxiety and Depression,https://doi.org/10.1145/3488057,3488057,x,dns,ACM,Experiment,English,"Depression, Anxiety",Patients,General,"Text, Voice","No, Physical","Mobile, Smart Speaker",API,"Google Assistant, Amazon Alexa,...",/,/,Yes,"Google Assistant, Amazon Alexa,...",/,Comparative Analysis,"Trained Researchers, Mental Health Professionals","4, 2",/,/,"PHQ-8, GAD-7, Treatment, Empahy, Relevance, Source, Information, Validity",/,"Shapiro-Wilks Test, Levene's Test, Adjusted t Tests, Non-Parametric Chi Squared Tests"
When the Social Becomes Non-Human: Young People's Perception of Social Support in Chatbots,https://doi.org/10.1145/3411764.3445318,3411764.3445318,x,joint,ACM,Experiment,Norwegian,General,Patients,Young People,Text,/,"Mobile, PC",API,"Woebot, Ungbot",Task Oriented,Rule-Based,Yes,"Woebot, Ungbot",/,User Study,Recruited In Universities,16,2 Weeks,/,"Appraisal Support, Emotional Support, Information Support, Instrumental Support, Privacy And Trust",Yes,/
Experiences of a Speech-enabled Conversational Agent for the Self-report of Well-being among People Living with Affective Disorders: An In-the-Wild Study,https://doi.org/10.1145/3484508,3484508,,joint,ACM,Experiment,Danish,"Affective Disorder, Depression, Bipolar Disorder",Patients,General,Voice,Physical,Smart Speaker,/,Sofia,Open Domain,Retrieval-Based,Used As a Part,Google Dialogflow,/,User Study,"National Patient Recruitment Site, Social Media, University Internal Email, Posters Within The University Campus",20,4 Weeks,/,"User Experience Questionnaire, World Health Organization-Five Well-Being Index",Yes,/
Alexa depression and anxiety self-tests: a preliminary analysis of user experience and trust,https://doi.org/10.1145/3410530.3414374,3410530.3414374,x,med,ACM,Experiment,English,"Depression, Anxiety",Patients,General,"Text, Voice","No, Physical","Mobile, Smart Speaker",API,Alexa Skill,Task Oriented,Generative,Yes,Alexa Skill,/,User Study,Recruited,10,2 Weeks,/,"PHQ-9, GAD-7, System Usability Scale, User Experience Questionnaire, Technology Trust QUestionnaire",Yes,/
Assessing Users' Mental Status from their Journaling Behavior through Chatbots,https://doi.org/10.1145/3383652.3423870,3383652.3423870,x,cs,ACM,Experiment,English,General,Patients,General,Text,/,Mobile,/,Unnamed,Task Oriented,Retrieval-Based,Used As a Part,"Manychat, Google Dialogflow",/,Comparative Analysis,"Social Media, Websites, University's Electronic Bulletin Board",30,3 Weeks,"Word Counts, Use Of Positive/Negative Emotion Words, Use Of First- And Third-Person Pronouns, Use Of Concrete Words",Kessler Psychological Distress Scale (K6),IRB,"Mixed-Model ANOVA, Tukey HSD"
Designing Everyday Conversational Agents for Managing Health and Wellness: A Study of Alexa Skills Reviews,https://doi.org/10.1145/3421937.3422024,3421937.3422024,,cs,ACM,Experiment,English,General,Patients,General,Voice,Physical,"Mobile, Smart Speaker",API,Alexa Skills,Task Oriented,Generative,Yes,Alexa Skill,/,User Study,Users,1,/,/,"(1) Reasons For Reviewers Using The Skills, (2) Impact Of The Skills On Their Everyday Health And Wellness Routines, (3) Barriers Or Facilitators For Using The Skills, (4) Workarounds For Using The Skills Effectively, And (5) Evaluation Criteria Of The Skills.",IRB,/
Designing Chatbots with Black Americans with Chronic Conditions: Overcoming Challenges against COVID-19,https://doi.org/10.1145/3491102.3502116,3491102.3502116,x,cs,ACM,Experiment,English,Covid-19,Patients,Black American,/,/,/,/,/,/,/,/,/,/,User Study,"University's Health Clinic, Email And Text Messages",18,/,/,"Roles, Features, And Challenges Of The Chatbot",IRB,/
Investigating Students’ Use of a Mental Health Chatbot to Alleviate Academic Stress,https://doi.org/10.1145/3431656.3431657,3431656.3431657,x,dns,ACM,Experiment,English,"Depression, Anxiety",Patients,High School Students,Text,/,"Mobile, PC",API,Woebot,Task Oriented,Rule-Based,Yes,Woebot,/,RCT,Senior High School Students,25,2 Weeks,/,"Psychological Distress Assessment, Stress Level Assessment, Daily Conversation",/,Wilcoxon Signed Rank Test
Designing a Chatbot as a Mediator for Promoting Deep Self-Disclosure to a Real Mental Health Professional,https://doi.org/10.1145/3392836,3392836,x,cs,ACM,Experiment,English,General,Patients,University Students,Text,/,"Mobile, Other Devices",/,Unnamed,Open Domain,Retrieval-Based,Used As a Part,Google Dialogflow,/,Comparative Analysis,University Students,47,4 Weeks,/,"Self-Disclosure Level, Construct Of Perceived Trust",IRB,Mixed Model ANOVA
Can Chatbots Help Support a Person’s Mental Health? Perceptions and Views from Mental Healthcare Professionals and Experts,https://doi.org/10.1145/3453175,3453175,,joint,ACM,Experiment,English,General,Patients,General,/,/,/,/,/,/,/,/,/,/,User Study,Experts In Mental Health,100,/,/,"Usage Of Chatbot, Benefits, Challenges, Risks, Perceptions",Yes,Spearman's Rank Correlation Coefficients
Usability testing and trust analysis of a mental health and wellbeing chatbot,https://doi.org/10.1145/3552327.3552348,3552327.3552348,,joint,ACM,Experiment,English,General,Patients,General,Text,/,Mobile,API,ChatPal,Task Oriented,Retrieval-Based,Used As a Part,Rasa,"(New) Use Cases Of Professionals, And User Requirements In Stakeholder Workshops",User Study,Action Mental Health And Ulster University,10,/,"Completion Time, Success Proportion","System Usability Scale, Chatbot Usability Questionnaier",Yes,"Kruskal-Wallis Test, Pearson Correlation Coefficient"
Pocket Skills: A Conversational Mobile Web App To Support Dialectical Behavioral Therapy,https://doi.org/10.1145/3173574.3173972,3173574.3173972,x,joint,ACM,Model,English,Dialectical Behavior Therapy,Patients,General,Text,Virtual,"Web, Mobile",/,Pocket Skills,Task Oriented,Rule-Based,/,/,Dr. Marsha Linehan's DBT Skills Training Manual And Workbooks,User Study,Resruited Via a DBT Listserve,73,4 Weeks,/,"OASIS, PHQ-9, DBT WOCC",IRB,Linear Regression
PTSDialogue: Designing a Conversational Agent to Support Individuals with Post-Traumatic Stress Disorder,https://doi.org/10.1145/3460418.3479332,3460418.3479332,,joint,ACM,Model,English,PTSD,Patients,General,Text,/,"Web, Mobile",/,PTSDialogue,Task Oriented,Rule-Based,/,/,Content From PTSD Coach,/,/,/,/,/,/,Yes,/
Charlie: A chatbot to improve the elderly quality of life and to make them more active to fight their sense of loneliness,https://doi.org/10.1145/3464385.3464726,3464385.3464726,x,cs,ACM,Model,English,Loneliness,Patients,Elders,Text,/,"Mobile, PC",/,Charlie,Task Oriented,Rule-Based,Used As a Part,Google Dialogflow,/,User Study,Students' Relatives,12,1 Week,/,"Perceptions, Acceptance, Perceived Benefits, Easy To Use, Social Influence, Evoking Anxious Or Emotional Reactions, User's Trust, Usefulness",/,/
Creating New Technologies for Companionable Agents to Support Isolated Older Adults,https://doi.org/10.1145/3213050,3213050,,dns,ACM,Model,English,Isolation,Patients,Older Adults,Text,Physical,"VA, Robot",/,AlwaysOn,Task Oriented,Rule-Based,/,/,/,Comparative Analysis,"Craigslist's Posts, Fliers, Presentations, Mailed Letters",44,a Month,"Total Sessions, Total Time, Days Used","Sociodemographic Questionnaire, PAR-Q, PHQ-2, Social Support Questionnaire, UCLA Loneliness Questionnaire, SF-12 Health Status, General Happiness, ABC QUestionnaire For Affective Benefits, Relationship Closeness Inventory, Working Alliance With Agent, Social Agent Rating",/,"Non-Parametric Mann–Whitney Tests, One-Way ANOVA Tests, Non-Parametric Kruskall–Wallis Tests"
Virtual Agents as a Service: Applications in Healthcare,https://doi.org/10.1145/3267851.3267858,3267851.3267858,x,dns,ACM,Model,English,General,Patients,General,"Text, Voice",Vitrual,Mobile,API,Clevertar,Task Oriented,Rule-Based,/,/,/,User Study,"Google, Facebook, a Network Of GPs, Mental Health Professionals",163,6 Weeks,/,Kessler Psychological Distress Scale (K10),/,Two-Tailed Paired t-Test
Simple and Steady Interactions Win the Healthy Mentality: Designing a Chatbot Service for the Elderly,https://doi.org/10.1145/3415223,3415223,x,dns,ACM,Model,Korean,"Depression, Anxiety",Patients,Older Adults,"Text, Voice",/,Mobile,/,Yeonheebot,Task Oriented,Rule-Based,/,/,/,User Study,"Clinic, Elderly Center, Welfare Center","24, 25","1 Day, 2 Weeks","Monetary, Dementia Information Acquisition, Conversation, Mental Care, Demantia Game Interest, Classification Accuracy","Center For Epidemiologic Studies Depression Scale, Beck Anxiety Inventory",/,Two-Tailed t-Test
Discourse Behavior of Older Adults Interacting with a Dialogue Agent Competent in Multiple Topics,https://doi.org/10.1145/3484510,3484510,x,dns,ACM,Model,English,"Isolation, Social Anxiety",Patients,Older Adults,Text,Virtual,Web,/,LISSA,Task Oriented,Retrieval-Based,/,/,/,RCT,"Community Advertisement, Outpatient Geriatric Psychiatry Clinics",20,3-4 Weeks,"Elaborateness, Sentiment Analysis, Self-Disclosure Cues(LIWC)",/,/,Pearson r
Caring for Vincent: A Chatbot for Self-Compassion,https://doi.org/10.1145/3290605.3300932,3290605.3300932,x,dns,ACM,Model,English,General,"Patients, Caregivers",General,Text,/,"Mobile, PC",/,Vincent,Task Oriented,Retrieval-Based,Used As a Part,Google Dialogflow,/,Comparative Analysis,Participant Database,"12, 67","3 Days, 2 Weeks","Error Rate, Total Word Count","Self-Compassion Scale, Irregularities, Inclusion Of Other In The Self",/,"One-Tailed Independent t-Tests, Cohen's d, ANOVA"
Establishing a Dialog Agent Policy using Deep Reinforcement Learning in the Psychotherapy Domain,https://doi.org/10.1145/3437378.3437395,3437378.3437395,x,cs,ACM,Model,English,General,Patients,General,Text,/,/,/,Unnamed,Task Oriented,Retrieval-Based,Used As a Part,Rasa,/,/,/,/,/,/,"The Ability To Learn The Specific Training Transcript Sequence, The Ability To Generalise Component’s Skills In The Learned Transcript To Novel Dialog, An Appreciation Of The Authoring Effort Required",/,/
A multi-modal human robot interaction framework based on cognitive behavioral therapy model,https://doi.org/10.1145/3279963.3279968,3279963.3279968,x,dns,ACM,Model,English,Depression,Patients,General,"Voice, Visual",Physical,Robot,/,Unnamed,Task Oriented,Retrieval-Based,/,/,/,/,/,/,/,/,/,/,/
A Virtual Conversational Agent for Teens with Autism Spectrum Disorder: Experimental Results and Design Lessons,https://doi.org/10.1145/3383652.3423900,3383652.3423900,x,cs,ACM,Model,English,Autism Spectrum Disorder,Patients,Teenagers,"Voice, Visual",Virtual,Web,/,LISSA,Task Oriented,Retrieval-Based,/,/,/,User Study,Through The Developmental/Behavioral Pediatric Research Center,"47, 9",/,/,"Usefulness, Perceptiveness, Related Systems, Accuracy, Familiarity, Curiosity, Realism, Speed, Appearance, Improvements, Social, Multitasking, Uncertainty, And Adult Identity.",/,Non-Parametric Mann-Whitney U Test With Bonferroni Correction
"""I Hear You, I Feel You"": Encouraging Deep Self-disclosure through a Chatbot",https://doi.org/10.1145/3313831.3376175,3313831.3376175,x,dns,ACM,Model,English,General,Patients,General,Text,/,Mobile,/,Unnamed,Task Oriented,Retrieval-Based,Used As a Part,"Manychat, Google Dialogflow",/,Comparative Analysis,"Social-Media Websites, University's Electronic Bulletin Board",47,3 Weeks,"Word Count, Word Length","Categories And Levels, Trust, Intimacy, Enjoyment, Attitudes, Feelings, Self-Disclosure, Influence, New Insights",Yes,"Mixed-Model ANOVA, Tukey HSD, Mauchly's Test"
Investigating the Acceptability and Perceived Effectiveness of a Chatbot in Helping Students Assess their Well-being,https://doi.org/10.1145/3429360.3468177,3429360.3468177,x,dns,ACM,Model,English,General,Patients,High School Students,Text,/,"Mobile, PC",/,Abot,Task Oriented,Retrieval-Based,Used As a Part,Google Dialogflow,/,User Study,"Comvenience Sampling, Email Invitation",25,1 Week,Completion Rate,"Performance, Humanity, Affect, Assessment Of Well-Being And Evaluation Of Students",Yes,/
Designing a Conversational Agent for Sexual Assault Survivors: Defining Burden of Self-Disclosure and Envisioning Survivor-Centered Solutions,https://doi.org/10.1145/3411764.3445133,3411764.3445133,x,cs,ACM,Model,Korean,Sexual Assault,Patients,Women,Text,/,Web,/,NamuBot,Task Oriented,Rule-Based,/,/,/,User Study,"Social Media, Personal Contacts",19,/,/,Burdens Placed By Chatbot,IRB,/
Alexa as Coach: Leveraging Smart Speakers to Build Social Agents that Reduce Public Speaking Anxiety,https://doi.org/10.1145/3313831.3376561,3313831.3376561,x,cs,ACM,Model,English,Public Speaking Anxiety,Patients,General,Voice,Physical,Smart Speaker,/,Unnamed,Task Oriented,Retrieval-Based,Yes,Alexa,/,User Study,Reached Out To Students In Public Speaking Classes At a University,53,/,/,"State Public Speaking Anxiety, Perceptions About The CA, User Experience Evaluations, Control Variables",IRB,"Paired Sample t-Test, Mediation Analysis, Bootstrapping"
“I wrote as if I were telling a story to someone I knew.”: Designing Chatbot Interactions for Expressive Writing in Mental Health,https://doi.org/10.1145/3461778.3462143,3461778.3462143,,dns,ACM,Model,Korean,Sharing Trauma,Patients,General,Text,/,"Mobile, PC",/,DIARYBOT,Task Oriented,Rule-Based,/,/,/,Comparative Analysis,University Students,30,4 Days,/,"Schwartz Outcome Scale, Clinical Outcome In Routine Evaluation, Writing Activity And Engagement, Social Acceptance, Interpretations",IRB,"One-Way ANOVA, Post-Hoc Tukey Test, Chi-Square"
Conversational AI Therapist for Daily Function Screening in Home Environments,https://doi.org/10.1145/3539490.3539603,3539490.3539603,,joint,ACM,Model,English,General,Patients,General,Voice,"No, Physical","Mobile, Smart Speaker",/,Unnamed,Open Domain,Generative,"Finetuned, Used As a Part",GPT-3,(New) User Responses,User Study,Volunteers,7,1 Week,Dimension Classification Accuracy,"Overall Scoring, Willingness, Ease, Consolation",IRB,/
CASS: Towards Building a Social-Support Chatbot for Online Health Community,https://doi.org/10.1145/3449083,3449083,,cs,ACM,Model,Chinese,General,Patients,General,Text,/,/,Fully Open,CASS,Open Domain,Generative,"Finetuned, Used As a Part",OpenNMT,(New) Post-Response Pairs From The 5 Sub-Forums From YouBaoBao,User Study,Recruited,5,/,BLEU,"Grammar Correctness, Relevance, Willing-To-Reply, Emotional Support",IRB,Independent Sample t-Test
AdolescentBot: Understanding Opportunities for Chatbots in Combating Adolescent Sexual and Reproductive Health Problems in Bangladesh,https://doi.org/10.1145/3411764.3445694,3411764.3445694,x,cs,ACM,Model,Bangla,"Sexual, Reproductive Health Problems",Patients,Adolescents,Text,/,"Web, Mobile",/,AdolescentBot,Task Oriented,Retrieval-Based,Used As a Part,Wit.Ai,"(New) Knowledge Base By Data From Local Maya, ItsokayBD, Facebook",User Study,"Schools, Colleges, University",256,/,/,"Effectiveness, Consistency, Personalization, Satisfaction",Yes,/
Designing and Evaluating a Chatbot for Survivors of Image-Based Sexual Abuse,https://doi.org/10.1145/3491102.3517629,3491102.3517629,x,dns,ACM,Model,Korean,Image-Based Sexual Abuse,Patients,Young Women,Text,/,"Mobile, PC",/,Unnamed,Task Oriented,"Rule-Based, Retrieval-Based","Used As a Part, Finetuned",BERT,"(New) Emotional Support, Information Support",Comparative Analysis,Recruited,25,/,/,"1) Accessibility, 2) Appropriate Amount, 3) Believability, 4) Completeness, 5) Conciseness, 6) Consistency, 7) Ease Of Operation, 8) Error-Free, 9) Interpretability, 10) Objectivity, 11) Relevancy, 12) Timeliness, And 13) Understandability, 1) Preventing Self-Blame Of Victims, 2) Telling Victims It Is Not Their Fault, 3) Understanding The Incident, 4) Reframing The Experience, 5) Not Judging Victims, 6) Accepting Victims’ Stance, 7) Caring Victims’ Emotion, 8) Feeling Sorry For Victims, And 9) Understanding Victims’ Feeling",IRB,One-Tailed Paired t-Tests
EMMA: An Emotion-Aware Wellbeing Chatbot,https://ieeexplore.ieee.org/document/8925455,8925455,x,cs,IEEE,Experiment,English,General,Patients,General,Text,/,Mobile,/,EMMA,Task Oriented,Rule-Based,/,/,/,RCT,Part Of The Bigger Project,39,2 Weeks,"Response Latency, Frequency Of Response, Experience Sampling",User Preference,IRB,"Pearson Correlation Coefficients, Two One-Sided t-Tests"
Psyche Conversa - A Deep Learning Based Chatbot Framework to Detect Mental Health State,https://ieeexplore.ieee.org/document/9914844,9914844,x,cs,IEEE,Model,English,General,Patients,General,Text,/,Mobile,/,Unnamed,Task Oriented,Retrieval-Based,Used As a Part,Google DialogFlow,Reddit Mental Health Dataset,User Study,Recruited,24,/,Classification Accuracy,"PHQ-9, GAD-7",/,/
Emotion Guru: A Smart Emotion Tracking Application with AI Conversational Agent for Exploring and Preventing Depression,https://ieeexplore.ieee.org/document/9674993,9674993,x,dns,IEEE,Model,English,General,Parients,General,Text,/,/,/,Unnamed,Task Oriented,Retrieval-Based,/,/,Kaggle,/,/,/,/,"Precision, Recall, F1-Score, Support",/,/,/
An Empathetic Conversational Agent with Attentional Mechanism,https://ieeexplore.ieee.org/document/9402337,9402337,x,cs,IEEE,Model,English,"Depression, Anxiety",Patients,General,Text,/,/,/,Unnamed,Open Domain,Generative,/,/,Facebook AI Empathetic Dialogue,/,/,/,/,BLEU,/,/,/
Supervised Machine Learning Chatbots for Perinatal Mental Healthcare,https://ieeexplore.ieee.org/document/9424857,9424857,x,cs,IEEE,Model,English,Perinatal Mental Healthcare,Patients,Perinatal Women,Text,/,/,/,Unnamed,Task Oriented,Rule-Based,/,/,/,/,/,/,/,/,"EPDS, WEMWBS",/,/
A Chatbot to promote Students Mental Health through Emotion Recognition,https://ieeexplore.ieee.org/document/9544838,9544838,x,cs,IEEE,Model,English,General,Patients,Students,Text,/,Mobile,/,Maxx,Task Oriented,Rule-Based,Used As a Part,Google DialogFlow,/,Comparative Analysis,From a College,40,/,/,Performance,/,/
Speech Emotion Recognition and Sentiment Analysis based Therapist Bot,https://ieeexplore.ieee.org/document/9544671,9544671,x,cs,IEEE,Model,English,General,Patients,General,Voice,/,Web,/,Unnamed,Task Oriented,Rule-Based,/,/,/,/,/,/,/,"Accuracy, Precision, Recall, F1",/,/,/
An Innovative Emotion Recognition and Solution Recommendation Chatbot,https://ieeexplore.ieee.org/document/9785269,9785269,x,cs,IEEE,Model,English,General,Patients,General,Text,/,/,/,Unnamed,Task Oriented,Retrieval-Based,/,/,/,/,/,/,/,"Accuracy, Precision, Recall, F1",/,/,/
Insights and lessons learned from trialling a mental health chatbot in the wild,https://ieeexplore.ieee.org/document/9631395,9631395,x,joint,IEEE,Model,English,General,Patients,General,Text,/,"Mobile, Web",API,ChatPal,Task Oriented,Rule-Based,Used As a Part,Rasa,/,User Study,Users,211,/,"User Tenure, Unique Days, Total Interactions, Average Interactions(Day), Chatbot Usability Questionnaire, Health Interaction Log Data Analytics",WHO-5,Yes,/
A Mental Health Chatbot for Regulating Emotions (SERMO) - Concept and Usability Test,https://ieeexplore.ieee.org/document/9000924,9000924,x,cs,IEEE,Model,German,General,Patients,General,Text,/,Mobile,/,SERMO,Task Oriented,Retrieval-Based,Used As a Part,OSCOVA,/,User Study,Nan,21,/,/,User Experience Questionnaire,Yes,/
Towards Understanding Emotional Intelligence for Behavior Change Chatbots,https://ieeexplore.ieee.org/document/8925433,8925433,x,cs,IEEE,Model,English,General,Patients,General,Text,/,Mobile,/,Unnamed,Task Oriented,Rule-Based,/,/,/,Comparative Analysis,Part Of The Bigger Project,39,1 Week,Experience Sampling,"Big Five Personality Traits, Positive And Negative Affect Schedule, User Preference, ESM",IRB,"Pearson Correlation Coefficients, Independent-Samples t-Test, RM-ANOVA"
DARA: Development of a Chatbot Support System for an Anxiety Reduction Digital Intervention,https://ieeexplore.ieee.org/document/9799419,9799419,x,cs,IEEE,Model,English,Anxiety,Patients,General,Text,/,Mobile,/,DARA,Task Oriented,Retrieval-Based,"Used As a Part, Finetuned",MindTrails,/,User Study,Subject-Matter Exports,12,/,Chatbot Session Length And Chatbot Session Contents,"PSSUQ, 10 Additional Quantitative And 7 Additional Qualitative Usability Questions",IRB,/
What Is the Difference? Investigating the Self-Report of Wellbeing via Conversational Agent and Web App,https://ieeexplore.ieee.org/document/9740539,9740539,,cs,IEEE,Model,English,Affective Disorder,Patients,General,Voice,Physical,Smart Speaker,/,Sofia,Task Oriented,Retrieval-Based,Used As a Part,Google Dialogflow,/,Comparative Analysis,"National Recruitment Site Http://Www.Forsoegsperson.Dk, Social Media, University Internal Email, And Posters.",22,4 Weeks,Sentiment Analysis,"User Experience Questionnaire, Whold Health Organization-Five",Yes,Welch Two Sample t-Test
Development of Chatbot Psychologist Applying Natural Language Understanding Techniques,https://ieeexplore.ieee.org/document/9649825,9649825,x,joint,IEEE,Model,Kazakh,General,Patients,General,Text,/,/,/,Unnamed,Task Oriented,Retrieval-Based,Used As a Part,Rasa,(New) Marked Entities In The Diagnosis Section,/,/,/,/,Accuracy,/,/,/
CareBot: A Mental Health ChatBot,https://ieeexplore.ieee.org/document/9456326,9456326,x,cs,IEEE,Model,English,General,Patients,Students,Text,/,/,/,Carebot,Open Domain,Generative,"Used As a Part, Finetuned",DialoGPT,(New) Data Scraped From Counselchat,Comparative Analysis,Recruited,100,/,/,"PHQ-9, GAD-7",/,/
The Challenges in Designing a Prevention Chatbot for Eating Disorders: Observational Study,https://pubmed.ncbi.nlm.nih.gov/35044314,35044314,,med,PubMed,Experiment,English,Eating Disorders,Patients,Adult Women,Text,/,Mobile,/,Unnamed,Task Oriented,Rule-Based,Used As a Part,X2AI,Body Positive Conversations,User Study,"Social Media, Flyers, Referrals",210,1 Week,/,"Weight Concerns Scale, Stanford-Washington University Eating Disorder (SWED), Transcript",IRB,/
"""I am chatbot, your virtual mental health adviser."" What drives citizens' satisfaction and continuance intention toward mental health chatbots during the COVID-19 pandemic? An empirical study in China",https://pubmed.ncbi.nlm.nih.gov/35381977,35381977,,other,PubMed,Experiment,Chinese,General,Patients,General,"Text, Voice",/,Mobile,API,Xiaolv,/,/,/,/,/,User Study,WeChat Groups,371,/,/,"Personalization, Voice Interaction, Enhoyment, Learning, Condition Of The Covid-19 Pandemic, User Satisfaction, Continuance Intention",/,"Partial Least Squares Structural Equation Modeling (PLS-SEM), Fornell-Larcker Criterion, Variance Inflation Factor, Bootstrapping Procedure With Subsamples And Two-Tailed Test"
Chatbot as an emergency exist: Mediated empathy for resilience via human-AI interaction during the COVID-19 pandemic,https://pubmed.ncbi.nlm.nih.gov/36059428,36059428,,other,PubMed,Experiment,Chinese,General,Patients,Women,Text,Virtual,"Mobile, PC",API,Replika,/,/,/,/,/,/,/,/,/,/,Related Social Media Posts,/,/
"Usability, Acceptability, and Effectiveness of Web-Based Conversational Agents to Facilitate Problem Solving in Older Adults: Controlled Study",https://doi.org/10.2196/16794,32384055,,joint,PubMed,Experiment,English,General,Patients,Older Adults,Text,/,Web,/,"MYLO, ELIZA",Task Oriented,"Rule-Based, Retrieval-Based",/,/,/,RCT,"Advertised Over The Web, Posters Of University Of The Third Age",112,2 Weeks,Time,"Personal Problems, Helpfulness, Use Again, The System Usability Scale, DASS-21",Yes,"ANOVA, Independent t Tests That Applied Bonferroni CI Adjustment, Pearson Correlation Coefficients"
An Embodied Conversational Agent for Unguided Internet-Based Cognitive Behavior Therapy in Preventative Mental Health: Feasibility and Acceptability Pilot Trial,https://doi.org/10.2196/10454,30064969,,joint,PubMed,Experiment,Japanese,General,Patients,General,Button,/,Web,/,SABORI,Task Oriented,Rule-Based,/,/,/,Comparative Analysis,Internet Research Company,"191, 263",1 Month,/,"WHO-5-J, K19, BADS-AC, BADS-AR",Yes,Two-Factor Mixed Model  ANOVA
A Cognitive Behavioral Therapy Chatbot (Otis) for Health Anxiety Management: Mixed Methods Pilot Study,https://doi.org/10.2196/37877,36150049,,med,PubMed,Experiment,English,Anxiety,Patients,General,Text,/,"Mobile, PC",/,Otis,Task Oriented,Rule-Based,Yes,Chatfuel,/,User Study,"Facebook, Instagram, Twitter, Email",29,2 Weeks,Adherence,"SHAI-18, GAD-7, IUS-12, ONS4, WHO-5, Reasons For Abandonment, Acceptability Rating",Yes,Paired Samples t Tests And 1-Way ANOVAs
Agents of change: Understanding the therapeutic processes associated with the helpfulness of therapy for mental health problems with relational agent MYLO,https://doi.org/10.1177/2055207620911580,32206331,,med,PubMed,Experiment,English,General,Patients,General,Text,/,Web,/,MYLO,Task Oriented,Retrieval-Based,/,/,/,User Study,"Email, Telephone",15,2 Weeks,"Frequency, Duration","Helpfulness, Key Mechanisms Of Psychological Change, Session Rating Scale, Reorganization Of Conflict Scalem PHQ-9, GAD-7, PSYCHLOPS",Yes,"Power Analysis, Paired Samples t-Test"
Emotional Reactions and Likelihood of Response to Questions Designed for a Mental Health Chatbot Among Adolescents: Experimental Study,https://doi.org/10.2196/24343,33734089,,joint,PubMed,Experiment,English,General,Patients,Adolescents,/,/,/,/,/,/,/,/,/,/,Comparative Analysis,Flyers And Facebook Advertisements,19,/,/,"Perceived Emotionla Valence, Likelihood Of Response",Yes,Panel Logistic Regressions
Improving adherence to an online intervention for low mood with a virtual coach: study protocol of a pilot randomized controlled trial,https://doi.org/10.1186/s13063-020-04777-2,33066805,,joint,PubMed,Experiment,English,"Low mood, Depression",Patients,General,Text,Virtual,"Mobile, Web",/,Moodbuster Lite,Task Oriented,Rule-Based,/,/,/,RCT,"Advertisements In Digital Media (Facebook, Google Ads) And Link2trials.Com","35, 35",4 Weeks,Adherence,"Short Motivation Feedback List (SMFL), Revised Short Version Of The Working Alliance Inventory (WAI-SR), Acceptance Of The Coach, System Usability Scale (SUS), Client Satisfaction Questionnaire For Internet-Based Interventions (CSQ-I), Hospital Anxiety And Depression Scale (HADS-D), Mood, Reasons For Non-Adherence, Level Of Engagement With The Intervention, PHQ-9",Yes,"Point Estimates, General Linear Model, Logistic Mixed-Effects Analysis, Mixed-Effects Model"
"Use of the Chatbot ""Vivibot"" to Deliver Positive Psychology Skills and Promote Well-Being Among Young People After Cancer Treatment: Randomized Controlled Feasibility Trial",https://pubmed.ncbi.nlm.nih.gov/31674920,31674920,,med,PubMed,Experiment,English,After Cancer Treatment,Patients,Young Adults,Text,/,"Mobile, PC",/,Vivibot,Task Oriented,Rule-Based,/,/,/,RCT,"Facebook, Usrvivorship Organizations, Email",51,4 Weeks,Time Spent On All Sessions,"Engagement With The Chatbot, Chatbot Feedback, Patient-Reported Outcomes Measurement Information System (PROMIS), Differential Emotions Scale",Yes,"Chi-Square Test, t-Test"
Artificial Intelligence-Based Chatbot for Anxiety and Depression in University Students: Pilot Randomized Controlled Trial,https://pubmed.ncbi.nlm.nih.gov/34092548,34092548,,med,PubMed,Experiment,Spanish,"Depression, Anxiety",Patients,General,Text,/,"Mobile, PC",/,Tess,Task Oriented,Retrieval-Based,/,/,/,RCT,Presentations In University Courses,"39, 34",8 Weeks,/,PHQ-9. GAD-7,Yes,"Mann-Whitney U And Wilcoxon Tests, Independent And Paired Sample t Tests, ANOVA"
Using AI chatbots to provide self-help depression interventions for university students: A randomized trial of effectiveness,https://pubmed.ncbi.nlm.nih.gov/35059305,35059305,,med,PubMed,Experiment,Chinese,Depression,Patients,Univeristy Students,"Text, Voice",/,"Mobile, PC",API,XiaoNan,Task Oriented,Retrieval-Based,Used As a Part,Rasa,/,RCT,Online Poster,83,16 Weeks,/,"PHQ-9, GAD-7 (Spitzeret Al., 2006), PANAS (Watson Et Al., 1988), CSQ-8 (Kelly Et Al., 2018), WAI-SR (Munder Et Al., 2010), Selfreported Adherence",Yes,Independent t-Tests And Chi-Square Analyses
Adherence of the #Here4U App - Military Version to Criteria for the Development of Rigorous Mental Health Apps,https://pubmed.ncbi.nlm.nih.gov/32554374,32554374,,med,PubMed,Experiment,English,"Anxiety, Depression, PTSD",Patients,Military Community,Text,/,Mobile,/,#Here4U App - Military Version,Task Oriented,Retrieval-Based,Yes,IBM's Watson Assistant,/,User Study,Snowball Sampling,93,/,/,"Usability, Suggestions, Identify Problems",Yes,/
Delivery of a Mental Health Intervention for Chronic Pain Through an Artificial Intelligence-Enabled App (Wysa): Protocol for a Prospective Pilot Study,https://doi.org/10.2196/36910,35314423,,dns,PubMed,Experiment,English,General,Patients,General,Text,/,Mobile,/,Wysa,Task Oriented,Retrieval-Based,/,/,/,User Study,Internet Communities,/,8 Weeks,/,"NPRS, PROMIS-PI, PHQ-9, GAD-7, WAI-SR",Yes,"Wilcoxon Signed-Rank Test, Paired t Test"
A randomized controlled trial of a therapeutic relational agent for reducing substance misuse during the COVID-19 pandemic,https://pubmed.ncbi.nlm.nih.gov/34507061/,34507061,,med,PubMed,Experiment,English,Substance Use Disorder,Patients,General,Text,/,"Mobile, PC",/,W-SUDs (Weobot For SUDs),Task Oriented,Rule-Based,/,/,/,RCT,"Qualtrics, Stanford Listservs, Facebook, Word-Of-Mouth",180,8 Weeks,/,"Change In Past-Month Substance Use Occatsions, Short Inventory Of Problems—Alcohol And Drugs (SIP-AD), Drug Abuse Screening Test-10 (DAST-10), Situational Confidence Questionnaire, PHQ-9, GAD-7, Pandemic-Related Mental Health Effects",IRB,Paired Samples t-Tests And Chi-Square Tests
A Therapeutic Relational Agent for Reducing Problematic Substance Use (Woebot): Development and Usability Study,https://doi.org/10.2196/24850,33755028,,med,PubMed,Experiment,English,Substance Use Disorder,Patients,General,Text,/,"Mobile, PC",API,Woebot,Task Oriented,Rule-Based,/,/,/,User Study,"User, Social Media, Craigslist, Stanford Staff, Student Wellness Listservs, Flyers, Email Invitations",101,8 Weeks,/,"The Alcohol Use Disorders Identification Test-Concise (AUDIT-C), The Drug Abuse Screening Test-10 (DAST-10), The Brief Situational Confidence Questionnaire,  PHQ-8, GAD-7, Lifetime Psychiatric Diagnoses, Usage Rating Profile-Intervention (URP-I) Feasibility, Acceptability Scales, Client Satisfaction Questionnaire-8 , Working Alliance Inventory-Short Revised (WAI-SR), In-The-Moment Emotional State",IRB,"Paired Samples t Tests And McNemar Nonparametric Tests, Bivariate Correlations"
"Evidence of Human-Level Bonds Established With a Digital Conversational Agent: Cross-sectional, Retrospective Observational Study",https://doi.org/10.2196/27868,33973854,,med,PubMed,Experiment,English,"Depression, Anxiety",Patients,General,Text,/,"Mobile, PC",API,Woebot,Task Oriented,Rule-Based,/,/,/,User Study,User,36070,5 Days,/,"PHQ-2, Working Alliance Inventory-Short Revised (WAI-SR)",IRB,"Spearman Rank-Order Correlation Coefficient, Kruskal-Wallis Test"
Expanding Access to Depression Treatment in Kenya Through Automated Psychological Support: Protocol for a Single-Case Experimental Design Pilot Study,https://doi.org/10.2196/11800,31033448,,med,PubMed,Experiment,English,Depression,Patients,"Pregnant Women, New Mothers",Text,/,Mobile,/,Healthy Mons,Task Oriented,Rule-Based,Yes,Tess(Zuri),/,User Study,Hospital,10,1-2 Weeks,Intervention Use,"Feasibility, Acceptability, Depression Severity, Current Mood, PHQ-9",IRB,Bayesian Linear Mixed-Effects Model
Adherence and Engagement With a Cognitive Behavioral Therapy-Based Conversational Agent (Wysa for Chronic Pain) Among Adults With Chronic Pain: Survival Analysis,https://doi.org/10.2196/37302,35526201,,med,PubMed,Experiment,English,General,Patients,General,/,/,Mobile,API,Wysa,Task Oriented,Retrieval-Based,/,/,/,User Study,US Tertiary Care Orthopedic Clinic,49,8 Weeks,"App’s Usage Log, Number Of Sessions, Retention Duration, Weekly App Usage",/,IRB,"Kaplan-Meier Nonparametric Estimators, Cox Proportional Hazards Model"
Validity of Chatbot Use for Mental Health Assessment: Experimental Study,https://pubmed.ncbi.nlm.nih.gov/36315228,36315228,,joint,PubMed,Experiment,German,Mental Disorders,Patients,"Adolescence, Young Adulthood","Text, Button",/,PC,/,Microfost Bot,Task Oriented,Retrieval-Based,/,/,/,Comparative Analysis,University's Research Panel,146,/,/,"Experience, Balanced Inventory Of Desirable Responding (BIDR), Kessler Psychological Distress Scale (K10), Brief Symptom Inventory (BSI-18), Alcohol Use Disorders Identification Test (AUDIT)–3",Yes,"ANOVA, Repeated-Measures ANOVA With Huynh-Feldt Correction, Cronbach α, Correlation Coefficients (ICCs), Pearson Correlations With Bonferroni Correction, Repeated-Measures Analyses Of Covariance (RmANCOVAs) With Huynh-Feldt Correction, Friedman Tests And Dunn-Bonferroni Post Hoc Signed-Rank Tests"
Evaluating the Therapeutic Alliance With a Free-Text CBT Conversational Agent (Wysa): A Mixed-Methods Study,https://doi.org/10.3389/fdgth.2022.847991,35480848,,med,PubMed,Experiment,English,General,Patients,General,Text,/,Mobile,/,Wysa,Task Oriented,Retrieval-Based,/,/,/,User Study,New Users,1205,3 Days,Textual Snippets From Users,"Working Alliance Inventory-Short Revised (WAI-SR), PHQ-4",Yes,The Wilcoxon Signed Rank Test
Understanding People With Chronic Pain Who Use a Cognitive Behavioral Therapy-Based Artificial Intelligence Mental Health App (Wysa): Mixed Methods Retrospective Observational Study,https://doi.org/10.2196/35671,35314422,,med,PubMed,Experiment,English,General,Patients,General,Text,/,Mobile,/,Wysa,Task Oriented,Retrieval-Based,/,/,/,User Study,Users,2194,/,"Textual Snippets, Tool Usage, Interventions Used","PHQ-9, GAD-7",Yes,"Mann-Whitney U Test, Paired t Test"
Artificial Intelligence Chatbot for Depression: Descriptive Study of Usage,https://pubmed.ncbi.nlm.nih.gov/33185563,33185563,,dns,PubMed,Experiment,English,General,Patients,General,Text,/,/,/,Tess,Task Oriented,Retrieval-Based,Yes,X2AI,/,User Study,Users,354,/,"Total Messages Sent From/To User, Total Characters Typed By User, Duration Of Usagecharacters Per Message To Tess, Conpletion Composites, Time Spent On Each Module",/,Yes,/
Psychometric Properties of a Chatbot Version of the PHQ-9 With Adults and Older Adults,https://pubmed.ncbi.nlm.nih.gov/34713116,34713116,,med,PubMed,Experiment,English,Depression,Patients,General,Text,/,"Mobile, PC",/,Tess,Task Oriented,Retrieval-Based,Yes,X2AI,/,User Study,Facebook,3895,6 Month,/,"PHQ-9, Usefulness",Yes,"Cronbach’s Alpha, Spearman’s Rank Correlation Coefficients, Bartlett’s Test Of Sphericity, Kaiser-Meyer-Olkin Measure, Chi-Squared Model Fit Statistics (X2), Comparative Fit Index (CFI), Tucker-Lewis Index (TLI), The Room Mean Square Error Of Approximation (RMSEA)"
Chatbot-Based Assessment of Employees' Mental Health: Design Process and Pilot Implementation,https://doi.org/10.2196/21678,33881403,,med,PubMed,Experiment,Portuguese,General,Patients,Employee,Text,Nan,"Mobile, PC",/,Viki,Task Oriented,Rule-Based,/,/,/,User Study,"Email, Intranet, Banners, Leaflets",77,/,/,"PHD-9, GAD-7, DASS-21, Insomnia Severity Index, Oldenburg Burnout Inventory, JSS Questionnnaire",Yes,/
Preliminary Evaluation of the Engagement and Effectiveness of a Mental Health Chatbot,https://doi.org/10.3389/fdgth.2020.576361,34713049,,med,PubMed,Experiment,Portuguese,"Anxiety, Depression, Stress",Patients,General,Text,Nan,Internet-Enabled Device,API,Vitalk,Task Oriented,Rule-Based,/,/,/,User Study,User,3629,90 Days,/,"PHD-9, GAD-7, DASS-21",Yes,"Cohen’s d, Standardized Coefficients Of Tobit Regression"
A fully automated conversational agent for promoting mental well-being: A pilot RCT using mixed methods,https://doi.org/10.1016/j.invent.2017.10.002,30135751,,med,PubMed,Experiment,Swedish,General,Patients,General,Text,/,Mobile,/,Shim,Task Oriented,Rule-Based,/,/,(New) Professionals In Psychology,RCT,"Universities, Website, Social Media","14, 14",2 Weeks,/,"Flourishing Scale, The Satisfaction With Life Scale, The Perceived Stress Scale",IRB,Independent t-Tests And X2-Tests
Engagement and Effectiveness of a Healthy-Coping Intervention via Chatbot for University Students During the COVID-19 Pandemic: Mixed Methods Proof-of-Concept Study,https://pubmed.ncbi.nlm.nih.gov/33950849,33950849,,med,PubMed,Experiment,Italian,"Stress, Anxiety",Patients,University Students,Text,/,"Mobile, PC",API,Atena,Task Oriented,Rule-Based,/,/,(New) Psychologists,User Study,Recruited From University,71,4 Weeks,/,"Perceived Stress Scale, Generalized Anxiety Disorder Scale (GAD-7),Five-Facet Mindfulness Questionnaire (FFMQ),User Engagement Scale–Short Form (UES-SF)",Yes,"Shapiro Test, Paired-Samples t Test, Independent-Samples t Test"
"Mental Health Chatbot for Young Adults With Depressive Symptoms During the COVID-19 Pandemic: Single-Blind, Three-Arm Randomized Controlled Trial",https://doi.org/10.2196/40719,36355633,,joint,PubMed,Experiment,Chinese,General,Patients,Young Adults,Text,/,Mobile,/,XiaoE,Task Oriented,Retrieval-Based,Used As a Part,Rasa,"(New) Psychologist Panel, Clinical, Counseling Experts",RCT,"Social Media Outlets, Online Platforms, University Communities, Referral",148,1 Week,/,"PHQ-9, Diagnostic AndStatistical Manual Of Mental Disorders, 4th Edition (DSM-IV), Working Alliance Questionnaire (WAQ), The Usability Metric For User Experience-LITE (UMUX-LITE), And The Acceptability Scale (AS).",Yes,"G* Power, Analysis Of Covariance (ANCOVA), F Tests With One-Way Analysis Of Variance (ANOVA)"
Effect of AI chatbot emotional disclosure on user satisfaction and reuse intention for mental health counseling: a serial mediation model,https://pubmed.ncbi.nlm.nih.gov/36406852,36406852,,cs,PubMed,Model,English,General,Patients,General,Button,/,/,/,Unnamed,Task Oriented,Rule-Based,Used As a Part,Google DialogFlow,CDC's Mental Health Resourced,Comparative Analysis,Amazon Mechanical Turk,348,/,/,"Chatbot Emotional Disclosure, User Emotional Disclosure, Perceived Intimacy, User Satisfaction, Reuse Intention",/,"Cronbach’s α, And Correlation Analysis, Independent Samples t-Tests, PROCESS Macro Model 6 (Bootstrapping)"
Development of NLP-Integrated Intelligent Web System for E-Mental Health,https://pubmed.ncbi.nlm.nih.gov/34938348,34938348,,cs,PubMed,Model,English,General,Patients,General,Text,/,Web,/,Unnamed,Task Oriented,Retrieval-Based,/,/,/,/,/,/,/,/,/,/,/
"Using a conversational agent for thought recording as a cognitive therapy task: Feasibility, content, and feedback",https://doi.org/10.3389/fdgth.2022.930874,35928046,,cs,PubMed,Model,English,Depression,Patients,General,Text,/,/,/,Unnamed,Task Oriented,Rule-Based,Used As a Part,Rasa,/,Comparative Analysis,"Prolific, a Crowd-Sourcing Platform",308,Nan,/,"PHQ-9, Engagement In Self-Reflection, Insight, Need For Self-Reflection",Yes,Spearman's p
Effectiveness of an Empathic Chatbot in Combating Adverse Effects of Social Exclusion on Mood,https://pubmed.ncbi.nlm.nih.gov/32038415,32038415,,joint,PubMed,Model,English,Social Exclusion,Patients,General,"Text, Button",Virtual,Web,/,Rose,/,Rule-Based,/,/,/,Comparative Analysis,Department Subject Pool,"64, 64",/,/,"Positive And Negative Affect Scale (I-PANASSF; Thompson, 2007), Feelings Of Exclusion",Yes,"Independent Samples t-Test, ANCOVA"
Co-developing a Mental Health and Wellbeing Chatbot With and for Young People,https://doi.org/10.3389/fpsyt.2020.606041,33597898,,med,PubMed,Model,English,General,Patients,Young People,Text,/,/,/,Ash,Task Oriented,Retrieval-Based,/,/,/,User Study,Recruited,40,/,/,"Participants' Interests And The Types Of Technology They Use, Views Of Using Technology For Wellbeing Support",Yes,/
Designing a Chatbot for a Brief Motivational Interview on Stress Management: Qualitative Case Study,https://pubmed.ncbi.nlm.nih.gov/30990463,30990463,,cs,PubMed,Model,English,Stress,Patients,General,Text,/,Web,/,Bonobot,Task Oriented,Retrieval-Based,Used As a Part,ELIZA,/,User Study,University Online Bulletin,30,/,/,"Perceived Stress Scale (PSS-10), (1) Any Sequential Encounter That Went Particularly Well Or Oddly And Why; (2) Whether The Conversation Had Any Impact On Their Perceived Stress Or Not And In What Ways; And (3) Any Suggestions For Better Mental Health Support.",IRB,/
A Mental Health Chatbot with Cognitive Skills for Personalised Behavioural Activation and Remote Health Monitoring,https://pubmed.ncbi.nlm.nih.gov/35632061,35632061,,cs,PubMed,Model,English,General,Patients,General,Text,/,Mobile,API,Bunji,Task Oriented,Retrieval-Based,Used As a Part,Rasa,/,User Study,Users,34,8 Weeks,"Activity Scheduling Details, Activity Feedback Mood Scores, Conversational Data",PHQ-9,IRB,"Shapiro–Wilk Test, Mann–Whitney U Test"
A Chatbot to Support Young People During the COVID-19 Pandemic in New Zealand: Evaluation of the Real-World Rollout of an Open Trial,https://pubmed.ncbi.nlm.nih.gov/36219754,36219754,,joint,PubMed,Model,English,"Pandamic-Related Worry, Anxiety",Patients,Young People,Text,/,Web,/,Aroha,Task Oriented,Retrieval-Based,Used As a Part,Google DialogFlow,/,User Study,Users,127,/,/,Chatbot Feedbacks,Yes,/
Delivering Cognitive Behavior Therapy to Young Adults With Symptoms of Depression and Anxiety Using a Fully Automated Conversational Agent (Woebot): A Randomized Controlled Trial,https://mental.jmir.org/2017/2/e19,28588005,,med,PubMed,Model,English,"Depression, Anxiety",Clinicians,Univercity Students,Text,/,"Mobile, PC",API,Woebot,Task Oriented,Rule-Based,/,/,/,RCT,US University Students,70,2 Weeks,/,"PHD-9, GAD-7, PANAS, Acceptability And Usability",IRB,"Cohen’s , ANCOVA, ANOVA"
"Developing, Implementing, and Evaluating an Artificial Intelligence-Guided Mental Health Resource Navigation Chatbot for Health Care Workers and Their Families During and Following the COVID-19 Pandemic: Protocol for a Cross-sectional Study",https://doi.org/10.2196/33717,35877158,,joint,PubMed,Model,English,General,Patients,Health Care Worker,Text,/,Web,/,MIRA,Task Oriented,Retrieval-Based,Used As a Part,Rasa,(New) Study Team Members,User Study,"Snowball Sampling, Social Media Advertisements, Physical Advertisements, Referrals",/,/,"Effectiveness, Engagement","Clinical Outcomes In Routine Evaluation System (CORE-10), Conversational Agent Trust Questionnaire (ETQ)",Yes,/
A Suite of Mobile Conversational Agents for Daily Stress Management (Popbots): Mixed Methods Exploratory Study,https://pubmed.ncbi.nlm.nih.gov/34519655,34519655,,joint,PubMed,Model,English,Stress,Patients,General,Text,/,Mobile,/,Popbots,Task Oriented,Retrieval-Based,/,/,(New) Workshop With Designers And Psychologist,User Study,Word Of Mouth And a University Listserv,47,1 Week,/,"Stress Levels, Sleep Quality, Level Of Social Interaction, PHQ-4",Yes,Wilcoxon Signed-Rank Test
A Chatbot for Perinatal Women's and Partners' Obstetric and Mental Health Care: Development and Usability Evaluation Study,https://pubmed.ncbi.nlm.nih.gov/33656442/,33656442,,med,PubMed,Model,Korean,General,"Patients, Caregivers","Perinatal Womens, Partners",Text,/,Mobile,/,Dr. Joy,QA,Retrieval-Based,Yes,Kakao i,(New) Obstetric QA Knowledge Database,User Study,"From Clinic, Snowball Sampling",15,1 Week,User's Utterances,"USE Questionnaire, Perceived Benefits, Risks, SEE, SHA",IRB,"Spearman Correlation, Shapiro-Wilk Normality Test"
Towards an Artificially Empathic Conversational Agent for Mental Health Applications: System Design and User Perceptions,https://doi.org/10.2196/10148,29945856,,joint,PubMed,Model,English,General,Patients,General,Text,/,Mobile,API,Unnamed,Task Oriented,Retrieval-Based,/,/,(New) Koko Corpus,User Study,User,37169,/,/,User Ratings,Yes,Chi-Square Analysis
Development of a Positive Body Image Chatbot (KIT) With Young People and Parents/Carers: Qualitative Focus Group Study,https://doi.org/10.2196/27807,34132644,,med,PubMed,Model,Chinese,"Body Image, Eating Disorders",Patients,General,Button,/,Web,/,KIT,Task Oriented,Rule-Based,/,/,(New) By The Authors,User Study,"Social Media Outlets, Online Platforms, University Communities, Referral",17,2 Weeks,/,"Content, Structure, And Design Of The Chatbot",Yes,/
Understanding How Users Experience the Physiological Expression of Non-humanoid Voice-based Conversational Agent in Healthcare Services,https://doi.org/10.1145/3461778.3462082,,,,ACM,Others,,,,,,,,,,,,,,,,,,,,,,
Digital Psychiatry - Curbing Depression using Therapy Chatbot and Depression Analysis,https://ieeexplore.ieee.org/document/8472986,,,,IEEE,Others,,,,,,,,,,,,,,,,,,,,,,
Designing Personality-Adaptive Conversational Agents for Mental Health Care,https://doi.org/10.1007/s10796-022-10254-9,,,,PubMed,Others,,,,,,,,,,,,,,,,,,,,,,
A Virtual Agent to Support Individuals Living With Physical and Mental Comorbidities: Co-Design and Acceptability Testing,https://doi.org/10.2196/12996,,,,PubMed,Others,,,,,,,,,,,,,,,,,,,,,,
Can Your Phone Be Your Therapist? Young People's Ethical Perspectives on the Use of Fully Automated Conversational Agents (Chatbots) in Mental Health Support,https://doi.org/10.1177/1178222619829083,,,,PubMed,Others,,,,,,,,,,,,,,,,,,,,,,
Thematic Analysis on User Reviews for Depression and Anxiety Chatbot Apps: Machine Learning Approach,https://pubmed.ncbi.nlm.nih.gov/35275069,,,,PubMed,Others,,,,,,,,,,,,,,,,,,,,,,
Artificial Intelligence and Chatbots in Psychiatry,https://pubmed.ncbi.nlm.nih.gov/35212940,,,,PubMed,Others,,,,,,,,,,,,,,,,,,,,,,
Ethical Artificial Intelligence for Digital Health Organizations,https://pubmed.ncbi.nlm.nih.gov/32269881,,,,PubMed,Others,,,,,,,,,,,,,,,,,,,,,,
Chatbots to Support Mental Wellbeing of People Living in Rural Areas: Can User Groups Contribute to Co-design?,https://pubmed.ncbi.nlm.nih.gov/34568548,,,,PubMed,Others,,,,,,,,,,,,,,,,,,,,,,
Key Considerations for Incorporating Conversational AI in Psychotherapy,https://pubmed.ncbi.nlm.nih.gov/31681047,,,,PubMed,Others,,,,,,,,,,,,,,,,,,,,,,
HEAL: A Knowledge Graph for Distress Management Conversations,https://ojs.aaai.org/index.php/AAAI/article/view/21398/21147,,,,AAAI,Others,,,,,,,,,,,,,,,,,,,,,,
Would you like to tell me more? Generating a corpus of psychotherapy dialogues,https://aclanthology.org/2021.nlpmc-1.1,,,,ACL,Others,,,,,,,,,,,,,,,,,,,,,,
Towards Emotional Support Dialog Systems,https://aclanthology.org/2021.acl-long.269,,,,ACL,Others,,,,,,,,,,,,,,,,,,,,,,
Response Selection for a Virtual Counsellor,https://doi.org/10.1145/3442442.3452312,,,,ACM,Others,,,,,,,,,,,,,,,,,,,,,,
The {AI} Doctor Is In: A Survey of Task-Oriented Dialogue Systems for Healthcare Applications,https://aclanthology.org/2022.acl-long.458,,,,ACL,Survey,,,,,,,,,,,,,,,,,,,,,,
Chatbots to Support Young Adults’ Mental Health: An Exploratory Study of Acceptability,https://doi.org/10.1145/3485874,,,,ACM,Survey,,,,,,,,,,,,,,,,,,,,,,
Design recommendations for chatbots to support people with depression,https://doi.org/10.1145/3554364.3559119,,,,ACM,Survey,,,,,,,,,,,,,,,,,,,,,,
Chatbots and Conversational Agents in Mental Health: A Literature Review,https://ieeexplore.ieee.org/document/9649855,,,,IEEE,Survey,,,,,,,,,,,,,,,,,,,,,,
The Role of AI Chatbots in Mental Health Related Public Services in a (Post)Pandemic World: A Review and Future Research Agenda,https://ieeexplore.ieee.org/document/9801962,,,,IEEE,Survey,,,,,,,,,,,,,,,,,,,,,,
A Comparative Study of Chatbot Catered Toward Mental Health,https://ieeexplore.ieee.org/document/9936778,,,,IEEE,Survey,,,,,,,,,,,,,,,,,,,,,,
Ideal Construction of Chatbot Based on Intelligent Depression Detection Techniques,https://ieeexplore.ieee.org/document/9744938,,,,IEEE,Survey,,,,,,,,,,,,,,,,,,,,,,
Conversational Agents in the Treatment of Mental Health Problems: Mixed-Method Systematic Review,https://doi.org/10.2196/14166,,,,PubMed,Survey,,,,,,,,,,,,,,,,,,,,,,
Chatbots and Conversational Agents in Mental Health: A Review of the Psychiatric Landscape,https://doi.org/10.1177/0706743719828977,,,,PubMed,Survey,,,,,,,,,,,,,,,,,,,,,,
Conversational Agents in Health Care: Scoping Review of Their Behavior Change Techniques and Underpinning Theory,https://doi.org/10.2196/39243,,,,PubMed,Survey,,,,,,,,,,,,,,,,,,,,,,
"Analyzing Description, User Understanding and Expectations of AI in Mobile Health Applications",https://www.ncbi.nlm.nih.gov/pmc/articles/PMC8075490/,,,,PubMed,Survey,,,,,,,,,,,,,,,,,,,,,,
Health-focused conversational agents in person-centered care: a review of apps,https://doi.org/10.1038/s41746-022-00560-6,,,,PubMed,Survey,,,,,,,,,,,,,,,,,,,,,,
Changes to the Psychiatric Chatbot Landscape: A Systematic Review of Conversational Agents in Serious Mental Illness: Changements du paysage psychiatrique des chatbots: une revue systématique des agents conversationnels dans la maladie mentale sérieuse,https://doi.org/10.1177/0706743720966429,,,,PubMed,Survey,,,,,,,,,,,,,,,,,,,,,,
Perceptions and Opinions of Patients About Mental Health Chatbots: Scoping Review,https://pubmed.ncbi.nlm.nih.gov/33439133,,,,PubMed,Survey,,,,,,,,,,,,,,,,,,,,,,
An overview of the features of chatbots in mental health: A scoping review,https://pubmed.ncbi.nlm.nih.gov/31622850,,,,PubMed,Survey,,,,,,,,,,,,,,,,,,,,,,
The Development and Use of Chatbots in Public Health: Scoping Review,https://pubmed.ncbi.nlm.nih.gov/36197708,,,,PubMed,Survey,,,,,,,,,,,,,,,,,,,,,,
Technical Aspects of Developing Chatbots for Medical Applications: Scoping Review,https://pubmed.ncbi.nlm.nih.gov/33337337,,,,PubMed,Survey,,,,,,,,,,,,,,,,,,,,,,
Smart conversational agents for the detection of neuropsychiatric disorders: A systematic review,https://pubmed.ncbi.nlm.nih.gov/33276112,,,,PubMed,Survey,,,,,,,,,,,,,,,,,,,,,,
Conversational agents in healthcare: a systematic review,https://pubmed.ncbi.nlm.nih.gov/30010941/,,,,PubMed,Survey,,,,,,,,,,,,,,,,,,,,,,
Survey of conversational agents in health,https://www.sciencedirect.com/science/article/abs/pii/S0957417419302283?casa_token=M44BN2M1_lcAAAAA:cs_mj2bIrGd_6bN2xiBbTcpv6Qaa4s4sE-HsB18wA8oNxCJaEasJrq9Ig6cwbi08k2nrGtanpvI,,,,ACM,Survey,,,,,,,,,,,,,,,,,,,,,,